timestamp,message
1774587161399,"INIT_START Runtime Version: python:3.14.v36	Runtime Version ARN: arn:aws:lambda:us-east-1::runtime:027e67fdaf9cea74675a8052be97d7232acebbdfdde682b84171030a9773437f
"
1774587161524,"START RequestId: eb9ad80c-82e7-4d25-b419-b35ba25bab27 Version: $LATEST
"
1774587161537,"END RequestId: eb9ad80c-82e7-4d25-b419-b35ba25bab27
"
1774587161537,"REPORT RequestId: eb9ad80c-82e7-4d25-b419-b35ba25bab27	Duration: 2.09 ms	Billed Duration: 115 ms	Memory Size: 128 MB	Max Memory Used: 40 MB	Init Duration: 111.99 ms	
"
1774587164761,"START RequestId: fb775c4f-cd70-4a52-962b-72f97b69b64e Version: $LATEST
"
1774587164764,"END RequestId: fb775c4f-cd70-4a52-962b-72f97b69b64e
"
1774587164764,"REPORT RequestId: fb775c4f-cd70-4a52-962b-72f97b69b64e	Duration: 1.72 ms	Billed Duration: 2 ms	Memory Size: 128 MB	Max Memory Used: 40 MB	
"
1774587167947,"START RequestId: 94ca1411-6fc0-4177-a9af-d7a3aa73de5d Version: $LATEST
"
1774587167949,"END RequestId: 94ca1411-6fc0-4177-a9af-d7a3aa73de5d
"
1774587167949,"REPORT RequestId: 94ca1411-6fc0-4177-a9af-d7a3aa73de5d	Duration: 1.57 ms	Billed Duration: 2 ms	Memory Size: 128 MB	Max Memory Used: 40 MB	
"
1774587171104,"START RequestId: 48774030-65e8-4170-a696-efe019dd6b87 Version: $LATEST
"
1774587171117,"END RequestId: 48774030-65e8-4170-a696-efe019dd6b87
"
1774587171117,"REPORT RequestId: 48774030-65e8-4170-a696-efe019dd6b87	Duration: 1.61 ms	Billed Duration: 2 ms	Memory Size: 128 MB	Max Memory Used: 40 MB	
"
1774587174286,"START RequestId: 8969f59a-72ce-4f22-a673-21d5625bfb85 Version: $LATEST
"
1774587174297,"END RequestId: 8969f59a-72ce-4f22-a673-21d5625bfb85
"
1774587174297,"REPORT RequestId: 8969f59a-72ce-4f22-a673-21d5625bfb85	Duration: 1.78 ms	Billed Duration: 2 ms	Memory Size: 128 MB	Max Memory Used: 40 MB	
"
1774587177463,"START RequestId: e3d63a76-2c46-41bf-be08-fc655afebf27 Version: $LATEST
"
1774587177465,"END RequestId: e3d63a76-2c46-41bf-be08-fc655afebf27
"
1774587177465,"REPORT RequestId: e3d63a76-2c46-41bf-be08-fc655afebf27	Duration: 1.73 ms	Billed Duration: 2 ms	Memory Size: 128 MB	Max Memory Used: 40 MB	
"
1774587241306,"START RequestId: f4531c53-9523-4c5c-9044-71c035f4be3a Version: $LATEST
"
1774587241339,"END RequestId: f4531c53-9523-4c5c-9044-71c035f4be3a
"
1774587241339,"REPORT RequestId: f4531c53-9523-4c5c-9044-71c035f4be3a	Duration: 33.05 ms	Billed Duration: 34 ms	Memory Size: 128 MB	Max Memory Used: 40 MB	
"
1774587244504,"START RequestId: 4491013a-ca3b-4356-b30d-3d5c66ebfdf9 Version: $LATEST
"
1774587244506,"END RequestId: 4491013a-ca3b-4356-b30d-3d5c66ebfdf9
"
1774587244506,"REPORT RequestId: 4491013a-ca3b-4356-b30d-3d5c66ebfdf9	Duration: 1.64 ms	Billed Duration: 2 ms	Memory Size: 128 MB	Max Memory Used: 40 MB	
"
1774587247664,"START RequestId: 107a1e07-136c-444b-ba18-23b6609fc3bc Version: $LATEST
"
1774587247677,"END RequestId: 107a1e07-136c-444b-ba18-23b6609fc3bc
"
1774587247677,"REPORT RequestId: 107a1e07-136c-444b-ba18-23b6609fc3bc	Duration: 1.91 ms	Billed Duration: 2 ms	Memory Size: 128 MB	Max Memory Used: 40 MB	
"
1774587250844,"START RequestId: 98adacf5-acef-43d2-b5f6-ba7da790b75f Version: $LATEST
"
1774587250847,"END RequestId: 98adacf5-acef-43d2-b5f6-ba7da790b75f
"
1774587250857,"REPORT RequestId: 98adacf5-acef-43d2-b5f6-ba7da790b75f	Duration: 1.66 ms	Billed Duration: 2 ms	Memory Size: 128 MB	Max Memory Used: 40 MB	
"
1774587254007,"START RequestId: f81594e8-43b3-40d1-a302-cb72efcbe3bd Version: $LATEST
"
1774587254010,"END RequestId: f81594e8-43b3-40d1-a302-cb72efcbe3bd
"
1774587254017,"REPORT RequestId: f81594e8-43b3-40d1-a302-cb72efcbe3bd	Duration: 1.67 ms	Billed Duration: 2 ms	Memory Size: 128 MB	Max Memory Used: 40 MB	
"
1774587257161,"START RequestId: 5ed09107-e152-4c17-806c-0aeb96b7c994 Version: $LATEST
"
1774587257163,"END RequestId: 5ed09107-e152-4c17-806c-0aeb96b7c994
"
1774587257163,"REPORT RequestId: 5ed09107-e152-4c17-806c-0aeb96b7c994	Duration: 1.71 ms	Billed Duration: 2 ms	Memory Size: 128 MB	Max Memory Used: 40 MB	
"
1774587260322,"START RequestId: e1cb82e2-e1f8-4e7e-88c6-37fef30b6591 Version: $LATEST
"
1774587260338,"END RequestId: e1cb82e2-e1f8-4e7e-88c6-37fef30b6591
"
1774587260338,"REPORT RequestId: e1cb82e2-e1f8-4e7e-88c6-37fef30b6591	Duration: 1.79 ms	Billed Duration: 2 ms	Memory Size: 128 MB	Max Memory Used: 40 MB	
"
1774587263503,"START RequestId: be2aec53-76cd-4cd7-bd09-ec662a37451a Version: $LATEST
"
1774587263505,"END RequestId: be2aec53-76cd-4cd7-bd09-ec662a37451a
"
1774587263505,"REPORT RequestId: be2aec53-76cd-4cd7-bd09-ec662a37451a	Duration: 1.81 ms	Billed Duration: 2 ms	Memory Size: 128 MB	Max Memory Used: 40 MB	
"
1774587266684,"START RequestId: 487cd729-5e92-4a53-852e-4ce3d286d0b7 Version: $LATEST
"
1774587266686,"END RequestId: 487cd729-5e92-4a53-852e-4ce3d286d0b7
"
1774587266697,"REPORT RequestId: 487cd729-5e92-4a53-852e-4ce3d286d0b7	Duration: 1.71 ms	Billed Duration: 2 ms	Memory Size: 128 MB	Max Memory Used: 40 MB	
"
1774587269846,"START RequestId: a6a013ca-7df1-4cf9-b681-f76c4c14775a Version: $LATEST
"
1774587269857,"END RequestId: a6a013ca-7df1-4cf9-b681-f76c4c14775a
"
1774587269857,"REPORT RequestId: a6a013ca-7df1-4cf9-b681-f76c4c14775a	Duration: 1.92 ms	Billed Duration: 2 ms	Memory Size: 128 MB	Max Memory Used: 40 MB	
"
1774587273003,"START RequestId: dd1cb3ca-594e-4c2d-b406-05d792d215b3 Version: $LATEST
"
1774587273006,"END RequestId: dd1cb3ca-594e-4c2d-b406-05d792d215b3
"
1774587273006,"REPORT RequestId: dd1cb3ca-594e-4c2d-b406-05d792d215b3	Duration: 1.65 ms	Billed Duration: 2 ms	Memory Size: 128 MB	Max Memory Used: 40 MB	
"
1774587276165,"START RequestId: 07c09d71-04bc-41b2-9059-0fd6d244fc60 Version: $LATEST
"
1774587276179,"END RequestId: 07c09d71-04bc-41b2-9059-0fd6d244fc60
"
1774587276179,"REPORT RequestId: 07c09d71-04bc-41b2-9059-0fd6d244fc60	Duration: 13.58 ms	Billed Duration: 14 ms	Memory Size: 128 MB	Max Memory Used: 40 MB	
"
1774587279324,"START RequestId: 5d04f3c0-63a6-4892-b07c-b8825c6315ab Version: $LATEST
"
1774587279338,"END RequestId: 5d04f3c0-63a6-4892-b07c-b8825c6315ab
"
1774587279338,"REPORT RequestId: 5d04f3c0-63a6-4892-b07c-b8825c6315ab	Duration: 1.79 ms	Billed Duration: 2 ms	Memory Size: 128 MB	Max Memory Used: 40 MB	
"
1774587282483,"START RequestId: 6a2e43cd-7403-46ff-8cf9-9754296b8a23 Version: $LATEST
"
1774587282499,"END RequestId: 6a2e43cd-7403-46ff-8cf9-9754296b8a23
"
1774587282499,"REPORT RequestId: 6a2e43cd-7403-46ff-8cf9-9754296b8a23	Duration: 15.88 ms	Billed Duration: 16 ms	Memory Size: 128 MB	Max Memory Used: 40 MB	
"
1774587285652,"START RequestId: 6e20b3ea-22e6-4d85-b92e-e4336b8b38c2 Version: $LATEST
"
1774587285654,"END RequestId: 6e20b3ea-22e6-4d85-b92e-e4336b8b38c2
"
1774587285657,"REPORT RequestId: 6e20b3ea-22e6-4d85-b92e-e4336b8b38c2	Duration: 1.76 ms	Billed Duration: 2 ms	Memory Size: 128 MB	Max Memory Used: 40 MB	
"
1774587288824,"START RequestId: 6f5f8221-6431-4220-a25b-33c72042cb89 Version: $LATEST
"
1774587288826,"END RequestId: 6f5f8221-6431-4220-a25b-33c72042cb89
"
1774587288826,"REPORT RequestId: 6f5f8221-6431-4220-a25b-33c72042cb89	Duration: 1.59 ms	Billed Duration: 2 ms	Memory Size: 128 MB	Max Memory Used: 40 MB	
"
1774587292007,"START RequestId: 3319d706-7052-44ba-b519-8c8f622038dc Version: $LATEST
"
1774587292009,"END RequestId: 3319d706-7052-44ba-b519-8c8f622038dc
"
1774587292009,"REPORT RequestId: 3319d706-7052-44ba-b519-8c8f622038dc	Duration: 1.63 ms	Billed Duration: 2 ms	Memory Size: 128 MB	Max Memory Used: 40 MB	
"
1774587295185,"START RequestId: eea4db18-d45c-4d6b-a090-c34eb8d3a91d Version: $LATEST
"
1774587295197,"END RequestId: eea4db18-d45c-4d6b-a090-c34eb8d3a91d
"
1774587295197,"REPORT RequestId: eea4db18-d45c-4d6b-a090-c34eb8d3a91d	Duration: 1.69 ms	Billed Duration: 2 ms	Memory Size: 128 MB	Max Memory Used: 40 MB	
"
1774587298369,"START RequestId: d2a9f648-fb1b-47cc-b943-68bb6759055d Version: $LATEST
"
1774587298377,"END RequestId: d2a9f648-fb1b-47cc-b943-68bb6759055d
"
1774587298377,"REPORT RequestId: d2a9f648-fb1b-47cc-b943-68bb6759055d	Duration: 1.83 ms	Billed Duration: 2 ms	Memory Size: 128 MB	Max Memory Used: 40 MB	
"